Time,Steps,PROCESS_CPU,PROCESS_IO,Total Reward,Avg Reward,CPU Queue,IO Queue
20:14:18,0,0,0,0,0,8,0
20:14:23,1,1,0,-15,-15.0,427,58
20:14:28,3,3,0,-5,-1.6666666666666667,427,57
20:14:33,5,4,1,30,6.0,426,57
20:14:38,7,6,1,40,5.714285714285714,425,58
20:14:43,8,6,2,45,5.625,424,57
20:14:48,10,8,2,80,8.0,422,57
20:14:53,12,9,3,90,7.5,423,56
20:14:58,14,11,3,125,8.928571428571429,421,56
20:15:03,16,12,4,135,8.4375,421,55
20:15:08,17,13,4,165,9.705882352941176,418,55
