Time,Steps,PROCESS_CPU,PROCESS_IO,Total Reward,Avg Reward,CPU Queue,IO Queue
01:53:14,0,0,0,0,0,0,0
01:53:19,3,3,0,10,3.3333333333333335,434,58
01:53:24,7,6,1,10,1.4285714285714286,434,59
01:53:29,10,8,2,5,0.5,431,58
01:53:34,14,11,3,5,0.35714285714285715,429,57
01:53:39,17,13,4,0,0.0,427,56
01:53:44,21,16,5,0,0.0,427,55
01:53:49,25,19,6,0,0.0,424,54
01:53:54,28,21,7,15,0.5357142857142857,422,53
